{"abbreviationName":"","accountPermit":"","addressCode":"","addressName":"","bankAccountCode":"","bankAccountName":"","bankAddress":"","bankBranch":"","bankCardFirstImg":"","bankCardSecondImg":"","bankInfo":"","bankPhoneNum":0,"billingType":0,"businessLicenseImg":"","categoryCode":"","categoryName":"","contactsCardCode":"","contactsCardFirstImg":"","contactsCardSecondImg":"","contactsCardValidity":"","contactsEmaill":"","contactsName":"","createTime":"","customerServiceNumber":"","deleted":0,"detailedAddress":"","groupPhotoSalesmen":"","legalPersonCardCode":"","legalPersonCardFirstImg":"","legalPersonCardSecondImg":"","legalPersonCardValidity":"","legalPersonName":"","legalPersonSecular":0,"merchantLog":"","merchantPhotoImg":"","mobile":"","name":"","noLegalMaterials":"","registrationCode":"","settlementPersonCardCode":"","settlementPersonCardFirstImg":"","settlementPersonCardSecondImg":"","settlementPersonCardValidity":"","settlementPersonName":"","settlementPersonSecular":0,"status":"","storeEnvironment":"","storeReception":"","supplementaryAgreement":"","termValidity":"","type":0,"uniformity":0,"updateTime":"","updateUser":0,"valueAddedAgreement":""}